Date,Close,High,Low,Open,Volume
2021-05-17,7951.5,8035.0,7922.5,7926.7001953125,44088400
2021-05-18,8080.89990234375,8099.0,7959.10009765625,7959.7001953125,41015900
2021-05-19,7855.10009765625,8075.7001953125,7826.7998046875,8075.60009765625,55675300
2021-05-20,7858.10009765625,7860.39990234375,7750.7998046875,7853.2001953125,0
2021-05-21,7699.2998046875,7863.10009765625,7664.60009765625,7853.0,50964600
2021-05-24,7783.2001953125,7783.2001953125,7678.60009765625,7699.0,32996100
2021-05-25,7809.2001953125,7852.7998046875,7770.7001953125,7786.7998046875,35426100
2021-05-26,7762.7001953125,7810.0,7713.39990234375,7810.0,30942200
2021-05-27,7738.89990234375,7827.0,7738.89990234375,7769.10009765625,79641900
2021-05-28,7867.10009765625,7900.60009765625,7732.89990234375,7734.60009765625,41063800
2021-05-31,7742.39990234375,7863.7998046875,7727.2998046875,7859.2998046875,40359200
2021-06-01,7845.89990234375,7861.39990234375,7736.0,7744.2001953125,34412600
2021-06-02,8163.7001953125,8172.2001953125,7835.39990234375,7835.39990234375,58140400
2021-06-03,8430.900390625,8443.5,8173.7998046875,8180.0,62209800
2021-06-04,8535.7998046875,8535.7998046875,8419.2998046875,8439.099609375,53649100
2021-06-07,8535.7998046875,8615.2998046875,8470.7001953125,8539.7001953125,33479600
2021-06-08,8557.599609375,8580.099609375,8499.2001953125,8524.0,36586900
2021-06-09,8531.400390625,8619.7998046875,8515.900390625,8561.7001953125,51006200
2021-06-10,8437.900390625,8533.400390625,8416.099609375,8533.099609375,51675100
2021-06-11,8483.7998046875,8521.900390625,8380.7001953125,8427.599609375,39360800
2021-06-15,8491.900390625,8532.099609375,8453.0,8485.2001953125,33290900
2021-06-16,8618.2998046875,8670.599609375,8497.2001953125,8497.2001953125,44973800
2021-06-17,8456.7998046875,8639.5,8435.900390625,8629.599609375,65981100
2021-06-18,8296.5,8454.900390625,8261.7998046875,8454.900390625,71712600
2021-06-21,8135.0,8292.2998046875,8119.39990234375,8292.2998046875,57871000
2021-06-22,8317.5,8373.2998046875,8139.2998046875,8142.7001953125,236362600
2021-06-23,8215.2001953125,8313.7001953125,8193.0,8310.099609375,0
2021-06-24,8113.89990234375,8211.400390625,8085.60009765625,8209.5,46871800
2021-06-25,8118.0,8136.89990234375,8078.2998046875,8119.5,47601300
2021-06-28,8131.89990234375,8172.2998046875,8105.89990234375,8113.7001953125,32707300
2021-06-29,8067.2001953125,8124.39990234375,7968.2998046875,8123.60009765625,36811400
2021-06-30,8051.10009765625,8115.2998046875,8004.2998046875,8073.0,51637700
2021-07-01,8017.10009765625,8096.2998046875,8008.7998046875,8055.2001953125,35341100
2021-07-02,8158.2001953125,8195.400390625,8027.10009765625,8030.60009765625,45507900
2021-07-05,8323.599609375,8348.599609375,8155.60009765625,8160.10009765625,36637200
2021-07-06,8451.400390625,8510.7001953125,8318.099609375,8318.099609375,50618000
2021-07-07,8290.0,8438.599609375,8245.2998046875,8438.599609375,42773400
2021-07-08,8259.7998046875,8327.7998046875,8226.7001953125,8292.0,39458000
2021-07-09,8266.5,8346.900390625,8218.400390625,8258.7001953125,40816600
2021-07-12,8251.2001953125,8391.7998046875,8243.5,8271.599609375,35607600
2021-07-13,8199.7998046875,8304.7998046875,8199.7998046875,8249.099609375,38410100
2021-07-14,8227.599609375,8311.7001953125,8199.7998046875,8204.7001953125,43489400
2021-07-15,8216.5,8231.599609375,8164.60009765625,8225.099609375,42459400
2021-07-16,8167.2001953125,8211.400390625,8139.2001953125,8205.2001953125,43407400
2021-07-19,7983.10009765625,8162.7998046875,7962.2998046875,8160.5,40802000
2021-07-20,7851.39990234375,7979.0,7796.5,7954.60009765625,86764800
2021-07-21,7912.2998046875,8013.89990234375,7851.39990234375,7851.39990234375,62065000
2021-07-22,8111.89990234375,8130.7998046875,7915.7001953125,7917.2001953125,0
2021-07-23,8026.2001953125,8112.7998046875,8002.7001953125,8110.7998046875,37516200
2021-07-26,7914.7998046875,8036.2998046875,7909.39990234375,8026.2001953125,37480500
2021-07-27,8014.60009765625,8032.2001953125,7921.39990234375,7923.39990234375,33986400
2021-07-28,7901.60009765625,8015.5,7901.60009765625,8013.10009765625,34354500
2021-07-29,7928.0,7946.5,7899.7998046875,7904.2001953125,25073900
2021-07-30,7847.7998046875,7941.7001953125,7847.7998046875,7925.2001953125,41589100
2021-08-02,7965.0,8013.60009765625,7846.60009765625,7849.2998046875,52156700
2021-08-03,7854.0,7959.7001953125,7841.2998046875,7955.0,56409100
2021-08-04,7924.0,7937.89990234375,7826.60009765625,7854.7998046875,40577300
2021-08-05,7827.0,7928.7001953125,7800.0,7922.0,38832500
2021-08-06,7906.10009765625,7908.0,7825.60009765625,7825.60009765625,0
2021-08-09,7855.10009765625,7919.0,7854.5,7905.0,0
2021-08-10,7794.5,7859.7998046875,7793.0,7854.2998046875,45060600
2021-08-11,7868.2998046875,7913.2001953125,7800.0,7800.2998046875,42764600
2021-08-12,7909.89990234375,7924.7998046875,7871.0,7878.10009765625,27969100
2021-08-13,7962.2998046875,7962.2998046875,7871.39990234375,7901.2998046875,36528700
2021-08-16,7695.10009765625,7951.2001953125,7695.10009765625,7946.2998046875,78541500
2021-08-17,7594.10009765625,7714.7998046875,7538.60009765625,7695.10009765625,56621600
2021-08-18,7555.60009765625,7654.2001953125,7449.2998046875,7594.10009765625,53456700
2021-08-19,7354.39990234375,7555.60009765625,7354.39990234375,7555.60009765625,52228700
2021-08-20,7341.7001953125,7391.5,7270.89990234375,7354.39990234375,57684200
2021-08-23,7323.0,7361.60009765625,7255.0,7313.89990234375,41457000
2021-08-24,7529.7001953125,7542.2001953125,7323.0,7323.0,66747700
2021-08-25,7559.5,7628.2001953125,7505.2998046875,7548.2001953125,0
2021-08-26,7495.39990234375,7569.10009765625,7485.5,7559.5,61770100
2021-08-27,7499.5,7512.2998046875,7441.2998046875,7495.39990234375,42865900
2021-08-30,7554.0,7635.10009765625,7499.5,7499.5,55843300
2021-08-31,7445.5,7551.2998046875,7414.0,7551.2998046875,65833300
2021-09-01,7541.39990234375,7541.39990234375,7421.2001953125,7448.7998046875,43786400
2021-09-02,7592.60009765625,7607.0,7520.10009765625,7552.7001953125,54503000
2021-09-03,7650.10009765625,7740.60009765625,7582.7998046875,7582.7998046875,54145100
2021-09-06,7521.5,7643.5,7455.39990234375,7643.10009765625,53777400
2021-09-07,7579.7998046875,7582.0,7506.0,7522.60009765625,54907000
2021-09-08,7592.2998046875,7592.2998046875,7505.10009765625,7577.7001953125,77117400
2021-09-09,7435.10009765625,7592.39990234375,7408.60009765625,7591.2001953125,56762800
2021-09-10,7504.7998046875,7565.0,7437.7001953125,7446.39990234375,47605900
2021-09-13,7598.2998046875,7632.7998046875,7502.5,7505.0,45091200
2021-09-14,7936.2001953125,7942.7998046875,7606.7998046875,7606.7998046875,100564000
2021-09-15,7760.7001953125,7936.2998046875,7750.7001953125,7932.5,68028100
2021-09-16,7862.89990234375,7922.5,7753.2001953125,7753.2001953125,141559200
2021-09-17,7761.7998046875,7862.0,7717.2998046875,7856.60009765625,0
2021-09-20,7529.7001953125,7758.0,7485.39990234375,7757.10009765625,59425600
2021-09-21,7640.10009765625,7686.10009765625,7441.5,7527.7998046875,72010100
2021-09-22,7811.7998046875,7861.5,7620.0,7620.0,76046000
2021-09-23,8028.7998046875,8046.0,7819.10009765625,7819.10009765625,0
2021-09-24,8142.2001953125,8234.2998046875,8033.10009765625,8044.5,76215900
2021-09-27,8289.2001953125,8351.400390625,8154.89990234375,8154.89990234375,75024600
2021-09-28,8649.2001953125,8649.7001953125,8294.099609375,8294.099609375,111632100
2021-09-29,8492.7998046875,8647.099609375,8442.099609375,8640.2998046875,99468400
2021-09-30,8665.0,8665.0,8501.599609375,8501.599609375,84607200
2021-10-01,8553.7001953125,8646.599609375,8450.7998046875,8641.0,166912000
2021-10-04,8669.900390625,8735.2998046875,8563.599609375,8563.599609375,59943700
2021-10-05,8881.400390625,8907.599609375,8668.599609375,8669.2998046875,81402100
2021-10-06,8932.5,9022.2001953125,8872.900390625,8894.0,92535000
2021-10-07,8863.099609375,8940.900390625,8776.900390625,8940.900390625,86795900
2021-10-08,8949.400390625,8960.2998046875,8848.2998046875,8873.5,75005400
2021-10-11,9067.5,9074.099609375,8987.2998046875,8987.2998046875,64893100
2021-10-12,8966.400390625,9117.0,8893.7998046875,9069.099609375,74229900
2021-10-13,8984.099609375,9054.0,8958.900390625,8964.7998046875,59568400
2021-10-14,8904.400390625,8998.599609375,8857.2998046875,8994.2001953125,58311300
2021-10-15,8935.2001953125,9002.7998046875,8907.599609375,8913.0,41575900
2021-10-18,9004.2001953125,9046.2001953125,8940.2001953125,8946.900390625,58729200
2021-10-19,8941.2998046875,9053.099609375,8941.0,9019.400390625,46701500
2021-10-20,8851.7998046875,8981.099609375,8819.0,8952.2998046875,89734000
2021-10-21,8731.599609375,8874.7998046875,8728.900390625,8854.099609375,69484300
2021-10-22,8549.900390625,8728.7001953125,8515.099609375,8723.5,67013800
2021-10-25,8775.7001953125,8800.400390625,8555.0,8555.0,52093000
2021-10-26,8736.599609375,8846.900390625,8728.2001953125,8778.7001953125,51607100
2021-10-27,8755.900390625,8792.7998046875,8675.900390625,8743.7001953125,0
2021-10-28,8586.2001953125,8746.099609375,8540.7998046875,8746.099609375,69310400
2021-10-29,8431.7998046875,8612.900390625,8431.7998046875,8589.5,50990400
2021-11-01,8529.599609375,8562.2001953125,8397.5,8440.0,35756600
2021-11-02,8440.5,8624.900390625,8421.2001953125,8531.099609375,0
2021-11-03,8493.7001953125,8526.5,8431.2998046875,8455.2001953125,53559300
2021-11-04,8324.099609375,8495.7001953125,8278.099609375,8495.7001953125,55773800
2021-11-05,8271.900390625,8337.7998046875,8230.7001953125,8334.7998046875,44047000
2021-11-08,8433.400390625,8479.2998046875,8258.5,8267.599609375,36410400
2021-11-09,8347.2998046875,8460.5,8334.7001953125,8428.7001953125,38705900
2021-11-10,8256.400390625,8383.0,8223.2001953125,8349.2998046875,39567100
2021-11-11,8092.7998046875,8242.7998046875,8044.60009765625,8240.7001953125,42560000
2021-11-12,8203.2001953125,8219.2001953125,8088.7001953125,8089.0,44317800
2021-11-15,8187.7001953125,8242.900390625,8139.60009765625,8192.0,35447900
2021-11-16,8126.0,8199.400390625,8111.60009765625,8186.7001953125,38018900
2021-11-17,8148.2998046875,8191.60009765625,8081.2998046875,8126.2998046875,0
2021-11-18,8029.10009765625,8134.7998046875,7992.7001953125,8123.60009765625,41786200
2021-11-19,8078.0,8093.5,8016.39990234375,8018.10009765625,25318600
2021-11-22,7947.89990234375,8081.39990234375,7882.2001953125,8078.0,41076700
2021-11-23,8150.10009765625,8182.2998046875,7936.7001953125,7947.89990234375,47202800
2021-11-24,8249.400390625,8319.2998046875,8150.10009765625,8150.10009765625,46351900
2021-11-25,8208.2001953125,8270.7998046875,8165.2001953125,8252.2001953125,42810800
2021-11-26,7834.10009765625,8206.099609375,7813.39990234375,8206.099609375,45610400
2021-11-29,7723.2001953125,7822.2998046875,7467.7001953125,7812.7998046875,58737100
2021-11-30,7723.2001953125,7812.10009765625,7710.89990234375,7724.2001953125,81470800
2021-12-01,7709.0,7727.2998046875,7627.0,7720.10009765625,56398500
2021-12-02,7664.2998046875,7724.39990234375,7585.7001953125,7708.0,40179700
2021-12-03,7787.2001953125,7825.60009765625,7660.5,7660.5,42525300
2021-12-06,7836.39990234375,7890.2998046875,7788.60009765625,7797.2998046875,54629300
2021-12-07,7998.39990234375,8026.39990234375,7840.10009765625,7843.60009765625,52389400
2021-12-08,8115.39990234375,8169.39990234375,7992.2998046875,7995.2001953125,53212900
2021-12-09,8026.7001953125,8154.89990234375,8026.7001953125,8115.60009765625,0
2021-12-10,7907.0,8020.7998046875,7862.89990234375,8020.7998046875,84410800
2021-12-13,8039.89990234375,8077.7998046875,7924.89990234375,7928.0,21114000
2021-12-14,7961.7001953125,8029.2998046875,7927.60009765625,8017.89990234375,36889900
2021-12-15,7925.5,7982.89990234375,7904.10009765625,7961.39990234375,0
2021-12-16,7832.89990234375,7943.2001953125,7819.7001953125,7925.2998046875,43116600
2021-12-17,7911.7998046875,8012.5,7856.10009765625,7866.7998046875,82163500
2021-12-20,7643.2001953125,7909.89990234375,7600.2001953125,7909.2001953125,0
2021-12-21,7767.2998046875,7778.7998046875,7647.60009765625,7653.5,46692400
2021-12-22,7831.10009765625,7863.2998046875,7760.60009765625,7776.10009765625,60187700
2021-12-23,7844.39990234375,7901.10009765625,7822.10009765625,7822.7001953125,0
2021-12-24,7911.2001953125,7911.2001953125,7837.7001953125,7844.39990234375,25449000
2021-12-29,8001.89990234375,8054.89990234375,7917.60009765625,7917.60009765625,36130500
2021-12-30,7966.2998046875,8029.2001953125,7932.2001953125,8014.0,0
2021-12-31,7900.39990234375,7971.2998046875,7897.89990234375,7968.7001953125,29439000
2022-01-04,8206.900390625,8209.2001953125,7915.60009765625,7930.0,0
2022-01-05,8274.2998046875,8331.900390625,8196.2998046875,8200.2998046875,0
2022-01-06,8060.0,8276.7001953125,8016.60009765625,8272.7001953125,51342000
2022-01-07,8237.599609375,8253.099609375,8073.5,8090.10009765625,0
2022-01-10,8329.2001953125,8376.5,8212.7998046875,8236.599609375,37474300
2022-01-11,8293.599609375,8321.099609375,8208.2998046875,8320.7998046875,40314900
2022-01-12,8544.099609375,8551.599609375,8302.5,8302.5,59129900
2022-01-13,8670.099609375,8670.099609375,8550.599609375,8553.2998046875,49437900
2022-01-14,8575.5,8662.2001953125,8553.900390625,8660.599609375,44535400
2022-01-17,8695.099609375,8720.2001953125,8561.7998046875,8561.7998046875,0
2022-01-18,8708.400390625,8746.2001953125,8662.099609375,8709.7998046875,48789000
2022-01-19,8760.099609375,8825.7001953125,8670.599609375,8701.099609375,66069500
2022-01-20,8826.2001953125,8840.099609375,8693.900390625,8768.7998046875,61840800
2022-01-21,8560.599609375,8813.7001953125,8513.2001953125,8811.7001953125,105030100
2022-01-24,8515.2001953125,8552.0,8437.7998046875,8552.0,0
2022-01-25,8168.10009765625,8505.7001953125,8094.7001953125,8499.2001953125,92976200
2022-01-27,8340.7001953125,8529.099609375,8176.7998046875,8199.0,113505400
2022-01-28,8408.7998046875,8488.5,8303.0,8343.5,118849500
2022-01-31,8522.900390625,8555.7001953125,8369.400390625,8441.400390625,0
2022-02-01,8545.900390625,8555.2998046875,8465.099609375,8524.7998046875,57934300
2022-02-02,8788.599609375,8808.599609375,8555.2001953125,8562.2001953125,55776100
2022-02-03,8727.900390625,8792.099609375,8668.2998046875,8787.7001953125,54440500
2022-02-04,8823.400390625,8823.400390625,8718.099609375,8729.5,0
2022-02-07,8964.099609375,9013.599609375,8825.2998046875,8825.2998046875,54043800
2022-02-08,9019.400390625,9046.2001953125,8953.5,8974.7998046875,60339600
2022-02-09,8986.5,9015.7998046875,8841.599609375,9014.599609375,51915600
2022-02-10,8946.900390625,9072.7001953125,8929.099609375,8988.400390625,76450200
2022-02-11,8878.7998046875,8990.599609375,8854.7001953125,8944.2998046875,44815300
2022-02-14,9177.2001953125,9203.400390625,8886.900390625,8886.900390625,0
2022-02-15,8892.900390625,9159.0,8892.900390625,9156.400390625,0
2022-02-16,8826.7998046875,8908.099609375,8766.5,8899.2001953125,53139600
2022-02-17,8901.5,8992.099609375,8797.2998046875,8831.7998046875,96366000
2022-02-18,8834.599609375,8971.599609375,8834.599609375,8898.0,64051700
2022-02-21,8846.2998046875,8889.2001953125,8754.900390625,8818.7001953125,0
2022-02-22,9018.2998046875,9019.7001953125,8838.7001953125,8847.2001953125,75053500
2022-02-23,9049.599609375,9083.5,8946.599609375,9010.2998046875,68199600
2022-02-24,8889.900390625,9036.2001953125,8686.099609375,9029.5,99617100
2022-02-25,8897.900390625,8926.900390625,8728.099609375,8886.099609375,80812800
2022-02-28,9017.900390625,9091.7001953125,8893.400390625,8894.7001953125,119767700
2022-03-01,9102.400390625,9199.7001953125,9017.2001953125,9024.7001953125,100695900
2022-03-02,9546.400390625,9547.7001953125,9084.599609375,9089.5,108159200
2022-03-03,9790.7001953125,9935.5,9557.2998046875,9558.7998046875,140243200
2022-03-04,9685.400390625,9788.900390625,9554.599609375,9788.900390625,0
2022-03-07,10194.2001953125,10301.7001953125,9697.0,9704.599609375,184932900
2022-03-08,9829.7998046875,10184.7998046875,9823.099609375,10182.0,106058700
2022-03-09,9843.099609375,10030.5,9824.7001953125,9825.2998046875,114334500
2022-03-10,9598.599609375,9845.5,9427.400390625,9804.0,140294500
2022-03-11,9631.400390625,9659.2998046875,9507.7998046875,9602.599609375,84695000
2022-03-14,9659.599609375,9776.400390625,9604.599609375,9644.2998046875,65741100
2022-03-15,9379.2001953125,9646.2001953125,9266.0,9645.2001953125,78968400
2022-03-16,9395.2998046875,9474.7001953125,9270.2998046875,9386.0,67892500
2022-03-17,9426.099609375,9461.7001953125,9354.599609375,9409.7998046875,71383800
2022-03-18,9635.7001953125,9702.599609375,9434.5,9442.0,109893000
2022-03-21,9678.400390625,9709.099609375,9540.2998046875,9637.099609375,40538200
2022-03-22,9842.2001953125,9987.7001953125,9691.900390625,9701.0,72662000
2022-03-23,9849.400390625,9874.2001953125,9783.7998046875,9834.7001953125,50388300
2022-03-24,10041.099609375,10088.099609375,9852.2998046875,9857.7001953125,0
2022-03-25,10130.2998046875,10138.599609375,9973.7001953125,10041.099609375,53423900
2022-03-28,10123.2998046875,10208.2998046875,10121.400390625,10137.599609375,55884500
2022-03-29,10067.7998046875,10120.400390625,9935.400390625,10119.5,52206700
2022-03-30,9983.2001953125,10080.0,9933.0,10068.7001953125,67705200
2022-03-31,9883.0,10162.7998046875,9882.5,10004.7001953125,57965300
2022-04-01,10002.099609375,10020.0,9834.599609375,9884.0,86752200
2022-04-04,10066.0,10098.5,9995.400390625,10000.599609375,48221100
2022-04-05,10289.7001953125,10361.900390625,10089.0,10099.2001953125,50757300
2022-04-06,10262.900390625,10282.7001953125,10140.2001953125,10282.7001953125,71090400
2022-04-07,10129.2001953125,10255.2001953125,10119.0,10252.0,67260400
2022-04-08,10171.7001953125,10293.400390625,10137.2001953125,10138.900390625,0
2022-04-11,10147.7001953125,10279.7998046875,10097.599609375,10183.7998046875,72089600
2022-04-12,10085.599609375,10147.900390625,9984.7001953125,10147.099609375,58464300
2022-04-13,10184.7001953125,10295.7001953125,10110.5,10113.7998046875,74609600
2022-04-14,10293.7001953125,10335.7001953125,10188.7001953125,10194.2998046875,68086900
2022-04-19,10422.900390625,10440.2998046875,10285.0,10303.5,55739500
2022-04-20,10363.7998046875,10420.0,10290.2001953125,10418.599609375,0
2022-04-21,10488.0,10526.0,10375.7998046875,10379.099609375,0
2022-04-22,10230.2001953125,10476.2001953125,10211.0,10464.400390625,90877200
2022-04-26,9823.099609375,10212.599609375,9708.900390625,10212.599609375,82298400
2022-04-27,9918.7998046875,9954.2998046875,9823.099609375,9825.099609375,0
2022-04-28,10014.0,10124.400390625,9910.5,9925.099609375,76649000
2022-04-29,10124.0,10189.0,10039.5,10053.099609375,67527000
2022-05-02,10068.900390625,10113.7001953125,9922.5,10110.400390625,54755800
2022-05-03,10043.2998046875,10109.099609375,10023.5,10066.7001953125,41369000
2022-05-04,10126.2998046875,10217.2001953125,10049.599609375,10055.5,39851200
2022-05-05,10325.599609375,10332.5,10130.400390625,10132.2001953125,0
2022-05-06,10116.900390625,10296.099609375,9992.0,10288.2998046875,0
2022-05-09,10170.2001953125,10205.7998046875,10071.2001953125,10134.2998046875,66086300
2022-05-10,9957.2998046875,10134.900390625,9676.2998046875,10113.0,95067400
2022-05-11,9945.099609375,9964.2001953125,9841.2998046875,9927.599609375,65334400
2022-05-12,9719.7001953125,10049.900390625,9693.599609375,9979.099609375,88168300
2022-05-13,9965.099609375,9973.0,9706.0,9716.400390625,0
2022-05-16,9999.0,10140.400390625,9941.7001953125,9972.7998046875,55560500
2022-05-17,10207.599609375,10225.099609375,10003.0,10013.2001953125,0
2022-05-18,10209.7001953125,10296.599609375,10162.7998046875,10214.7998046875,69342900
2022-05-19,10049.5,10168.7998046875,9958.5,10168.7998046875,82181200
2022-05-20,9885.7998046875,10067.5,9843.7001953125,10048.599609375,0
2022-05-23,9912.400390625,10027.5,9874.2001953125,9885.099609375,51454400
2022-05-24,9912.2001953125,9969.0,9892.2998046875,9914.2998046875,0
2022-05-25,9966.400390625,9986.900390625,9903.7001953125,9906.0,53485100
2022-05-26,9874.2998046875,9993.0,9815.7998046875,9972.900390625,62115800
2022-05-27,10097.7001953125,10144.900390625,9885.400390625,9886.900390625,60350700
2022-05-30,10098.2998046875,10239.7998046875,10063.2001953125,10112.599609375,60634400
2022-05-31,10053.2998046875,10154.2001953125,10053.2998046875,10104.900390625,113995200
2022-06-01,10081.599609375,10122.2001953125,9981.2998046875,10048.2998046875,103098500
2022-06-02,10389.7998046875,10396.2001953125,10077.2001953125,10085.900390625,133727800
2022-06-03,10497.400390625,10497.400390625,10397.0,10402.400390625,70718400
2022-06-06,10720.900390625,10754.7998046875,10495.2998046875,10497.599609375,57505300
2022-06-07,10688.7998046875,10775.7998046875,10624.5,10724.7998046875,74164900
2022-06-08,11140.900390625,11140.900390625,10701.7001953125,10718.099609375,0
2022-06-09,11202.7998046875,11307.400390625,11140.7001953125,11143.900390625,69500400
2022-06-10,11018.900390625,11193.2001953125,10867.7998046875,11187.7998046875,66272300
2022-06-14,10481.5,10977.2001953125,10371.7001953125,10975.7998046875,116468400
2022-06-15,10229.099609375,10482.400390625,10208.5,10482.400390625,79445600
2022-06-16,10278.2001953125,10337.599609375,10128.2001953125,10218.2001953125,74179600
2022-06-17,10114.900390625,10257.400390625,9966.5,10254.400390625,151310900
2022-06-20,9589.900390625,10098.2001953125,9545.7998046875,10090.5,0
2022-06-21,9858.0,9935.2001953125,9620.099609375,9624.400390625,102228900
2022-06-22,10007.7001953125,10165.099609375,9874.5,9892.099609375,88862500
2022-06-23,9801.2001953125,9999.7998046875,9720.599609375,9994.2998046875,80721300
2022-06-24,9659.2998046875,9792.900390625,9557.7001953125,9785.0,73993300
2022-06-27,9907.0,9946.2998046875,9666.2998046875,9666.2998046875,59147900
2022-06-28,10266.099609375,10295.7001953125,9917.2001953125,9917.2001953125,57048100
2022-06-29,10279.2998046875,10472.599609375,10193.7998046875,10272.599609375,54153400
2022-06-30,10026.2998046875,10268.599609375,10026.2998046875,10259.5,0
2022-07-01,9688.400390625,10031.599609375,9688.400390625,10031.2001953125,54071300
2022-07-04,9941.900390625,9982.400390625,9694.400390625,9694.400390625,0
2022-07-05,10156.599609375,10288.7001953125,9946.7001953125,9952.2001953125,0
2022-07-06,9566.2001953125,10123.2998046875,9565.7001953125,10116.7001953125,71099500
2022-07-07,9565.900390625,9615.7001953125,9510.0,9573.2998046875,70916300
2022-07-08,9767.5,9891.400390625,9577.5,9579.7998046875,60813300
2022-07-11,9755.900390625,9942.900390625,9755.900390625,9766.400390625,40977900
2022-07-12,9772.099609375,9909.099609375,9770.0,9776.2998046875,57440000
2022-07-13,9598.0,9766.2998046875,9537.099609375,9758.099609375,67548000
2022-07-14,9764.7998046875,9792.099609375,9596.7998046875,9596.7998046875,56683500
2022-07-15,9717.7001953125,9760.7001953125,9602.0,9760.7001953125,0
2022-07-18,9933.0,9948.7998046875,9721.5,9725.2001953125,49514900
2022-07-19,10176.0,10351.599609375,9939.099609375,9942.900390625,0
2022-07-20,10316.599609375,10343.900390625,10184.7998046875,10193.099609375,68447700
2022-07-21,10025.0,10327.7998046875,9935.2001953125,10325.599609375,63344500
2022-07-22,9906.099609375,10016.0,9794.7998046875,10014.400390625,68277800
2022-07-25,9825.900390625,9907.2001953125,9788.5,9904.099609375,42193900
2022-07-26,10102.900390625,10117.0,9833.099609375,9833.900390625,56551000
2022-07-27,10075.099609375,10155.5,10018.7001953125,10091.400390625,31728100
2022-07-28,10206.5,10242.0,10079.2998046875,10082.5,60640600
2022-07-29,10238.7998046875,10366.099609375,10210.2001953125,10210.2001953125,0
2022-08-01,10437.7998046875,10451.099609375,10239.7998046875,10241.900390625,42036500
2022-08-02,10341.400390625,10432.7001953125,10281.2998046875,10427.400390625,0
2022-08-03,10305.2001953125,10346.400390625,10218.400390625,10345.7001953125,48248600
2022-08-04,10074.099609375,10298.5,10074.099609375,10298.5,54863200
2022-08-05,9929.099609375,10064.7998046875,9849.5,10055.599609375,52475600
2022-08-08,10112.900390625,10138.099609375,9902.2998046875,9931.5,58735600
2022-08-09,10126.400390625,10177.2998046875,10106.099609375,10106.099609375,0
2022-08-10,10098.5,10208.2001953125,10082.400390625,10119.599609375,44587000
2022-08-11,10149.400390625,10149.400390625,10047.099609375,10103.7998046875,51647100
2022-08-12,10383.7998046875,10386.5,10145.0,10148.7001953125,47655100
2022-08-15,10297.7001953125,10372.5,10287.0,10359.900390625,65072100
2022-08-16,10190.599609375,10293.5,10130.2998046875,10291.5,56975300
2022-08-17,10130.400390625,10196.2998046875,10103.2001953125,10189.2001953125,85341200
2022-08-18,10269.099609375,10363.7998046875,10130.7001953125,10132.900390625,53490300
2022-08-19,10675.7001953125,10744.7001953125,10269.099609375,10275.2001953125,73293600
2022-08-22,10583.099609375,10674.2001953125,10552.2998046875,10673.599609375,0
2022-08-23,10721.2001953125,10858.7001953125,10585.7001953125,10591.599609375,64529600
2022-08-24,11025.400390625,11025.400390625,10734.599609375,10740.900390625,77840500
2022-08-25,11199.0,11300.599609375,11025.400390625,11032.5,0
2022-08-26,11346.7001953125,11377.2998046875,11098.5,11196.7998046875,67733100
2022-08-29,11164.599609375,11341.099609375,11035.099609375,11341.099609375,0
2022-08-30,11324.400390625,11511.5,11173.0,11181.2998046875,79700200
2022-08-31,10998.099609375,11313.7001953125,10911.099609375,11308.5,0
2022-09-01,10755.2001953125,10991.599609375,10747.5,10985.2998046875,0
2022-09-02,10756.900390625,10785.900390625,10618.099609375,10690.7998046875,56764000
2022-09-05,11184.2998046875,11217.7998046875,10756.900390625,10756.900390625,63616300
2022-09-06,11240.599609375,11341.5,11180.7998046875,11185.0,70770800
2022-09-07,10916.900390625,11234.900390625,10889.5,11234.400390625,70251000
2022-09-08,10615.5,10918.2998046875,10408.2998046875,10901.2001953125,72802200
2022-09-09,10727.900390625,10751.900390625,10527.400390625,10621.099609375,71400700
2022-09-12,10740.7001953125,10875.2998046875,10720.099609375,10740.599609375,55728600
2022-09-13,10851.7998046875,10917.7998046875,10753.599609375,10755.2001953125,61941800
2022-09-14,10609.2998046875,10836.099609375,10576.400390625,10834.599609375,63345600
2022-09-15,11003.900390625,11052.5,10621.5,10626.400390625,68533200
2022-09-16,10678.2998046875,10988.0,10522.2001953125,10986.900390625,125598900
2022-09-19,10556.599609375,10677.2998046875,10518.2998046875,10676.5,53976000
2022-09-20,10767.099609375,10802.7998046875,10559.599609375,10561.5,53708300
2022-09-21,10677.0,10792.599609375,10622.5,10765.400390625,60629400
2022-09-23,10455.5,10696.2001953125,10328.900390625,10677.599609375,83655000
2022-09-26,9796.900390625,10431.0,9754.400390625,10423.599609375,130400800
2022-09-27,9965.7001953125,10046.7001953125,9787.599609375,9787.599609375,96931800
2022-09-28,9972.599609375,10304.2998046875,9931.5,9974.7001953125,82587500
2022-09-29,10249.599609375,10402.2001953125,9989.2001953125,9999.2998046875,68491900
2022-09-30,10256.2998046875,10338.2001953125,10165.099609375,10249.400390625,70615700
2022-10-03,10359.900390625,10459.099609375,10253.2001953125,10262.0,43716400
2022-10-04,10822.900390625,10822.900390625,10371.5,10375.0,70151300
2022-10-05,10950.0,11041.7998046875,10834.599609375,10838.099609375,73853800
2022-10-06,11192.099609375,11233.7998046875,10946.2001953125,10947.2998046875,66531900
2022-10-07,11298.0,11328.7998046875,11182.5,11186.7998046875,0
2022-10-10,11168.400390625,11295.400390625,11100.0,11286.2001953125,61214100
2022-10-11,10990.2998046875,11171.7001953125,10988.0,11167.099609375,73901400
2022-10-12,10829.2001953125,11000.099609375,10806.5,10990.2001953125,62860200
2022-10-13,10727.2001953125,10881.099609375,10723.900390625,10831.2001953125,49132400
2022-10-14,11129.900390625,11180.099609375,10740.900390625,10745.400390625,53883500
2022-10-17,10894.7001953125,11112.2998046875,10811.2001953125,11110.0,42458500
2022-10-18,10828.900390625,10942.400390625,10770.5,10908.2998046875,56850800
2022-10-19,10748.2001953125,10812.5,10568.099609375,10810.900390625,71657400
2022-10-20,11085.099609375,11231.099609375,10753.099609375,10756.099609375,104732400
2022-10-21,11305.7001953125,11312.7001953125,10984.599609375,11081.2998046875,83162200
2022-10-24,11389.7998046875,11535.2998046875,11314.0,11314.0,56364700
2022-10-25,11209.7001953125,11419.2001953125,11207.7998046875,11346.099609375,52886900
2022-10-26,11057.2998046875,11310.400390625,11050.7998046875,11220.0,65221300
2022-10-27,11319.2998046875,11348.7998046875,11063.5,11065.900390625,55745500
2022-10-28,11263.7998046875,11396.2998046875,11235.0,11317.2998046875,0
2022-10-31,11214.599609375,11326.0,11117.0,11271.2001953125,69525600
2022-11-01,11445.599609375,11445.599609375,11205.7001953125,11210.599609375,63689300
2022-11-02,11573.2998046875,11702.7998046875,11440.7001953125,11445.900390625,63090600
2022-11-03,11437.099609375,11564.7998046875,11250.599609375,11564.7998046875,0
2022-11-04,11822.900390625,11839.2998046875,11435.7001953125,11435.7001953125,60664600
2022-11-07,11982.2998046875,11999.7998046875,11823.7998046875,11823.7998046875,56740000
2022-11-08,11710.7001953125,12066.900390625,11710.7001953125,11986.0,71307700
2022-11-09,11696.900390625,11753.099609375,11514.0,11708.7998046875,86794700
2022-11-10,11455.2998046875,11679.900390625,11394.900390625,11679.2998046875,81248400
2022-11-11,11536.7998046875,11687.099609375,11415.7998046875,11464.599609375,101978200
2022-11-14,11643.0,11727.2998046875,11539.7001953125,11541.5,84056700
2022-11-15,11538.7998046875,11645.2998046875,11469.0,11642.7001953125,48758900
2022-11-16,11675.2998046875,11769.2998046875,11542.2998046875,11542.400390625,52850200
2022-11-17,11434.7001953125,11685.0,11434.7001953125,11675.2001953125,52977200
2022-11-18,11390.2001953125,11493.0,11383.900390625,11435.900390625,66669900
2022-11-21,11293.900390625,11390.2998046875,11254.2001953125,11390.2001953125,45260300
2022-11-22,11591.599609375,11604.099609375,11293.900390625,11293.900390625,69663500
2022-11-23,11672.7998046875,11748.2001953125,11664.900390625,11738.7998046875,6708100
2022-11-24,11526.099609375,11748.2001953125,11526.099609375,11738.7998046875,57091400
2022-11-25,11493.099609375,11533.900390625,11382.5,11527.099609375,41426400
2022-11-28,11300.099609375,11492.599609375,11232.900390625,11489.7998046875,50256200
2022-11-29,11303.7001953125,11326.7998046875,10987.2998046875,11299.099609375,57928600
2022-11-30,11506.599609375,11506.599609375,11141.400390625,11300.599609375,0
2022-12-01,11410.2998046875,11524.7998046875,11338.7998046875,11510.7001953125,0
2022-12-02,11130.599609375,11413.900390625,11092.7998046875,11413.900390625,60842400
2022-12-05,11297.5,11348.7998046875,11077.0,11131.2001953125,51497500
2022-12-06,11314.7998046875,11314.7998046875,11052.0,11279.7998046875,63004500
2022-12-07,11085.7001953125,11299.7001953125,11066.900390625,11297.7998046875,106075100
2022-12-08,10783.400390625,11085.7001953125,10783.400390625,11083.5,77774100
2022-12-09,10762.599609375,10894.2001953125,10707.2998046875,10781.5,66283300
2022-12-12,10893.7998046875,10903.2001953125,10698.0,10751.2998046875,57204300
2022-12-13,10919.0,10998.400390625,10850.400390625,10900.0,0
2022-12-14,11066.400390625,11099.599609375,10924.2001953125,10925.400390625,0
2022-12-15,11110.2001953125,11138.7001953125,11016.099609375,11062.900390625,62914600
2022-12-16,11149.400390625,11242.099609375,11029.7998046875,11110.2001953125,81445700
2022-12-19,11207.2998046875,11242.0,11141.400390625,11147.099609375,41235900
2022-12-20,11052.2001953125,11282.400390625,11048.7998046875,11207.7001953125,56436200
2022-12-21,11342.599609375,11348.099609375,11054.400390625,11054.400390625,59578300
2022-12-22,11346.400390625,11507.0,11345.900390625,11345.900390625,40463800
2022-12-23,11221.7001953125,11346.400390625,11160.599609375,11346.400390625,33591200
2022-12-28,11392.7001953125,11392.7001953125,11223.099609375,11224.099609375,34291100
2022-12-29,10939.7001953125,11384.5,10937.5,11384.5,40860300
2022-12-30,11037.2998046875,11115.7001953125,10941.599609375,10943.7001953125,0
2023-01-03,10890.599609375,11103.7001953125,10798.400390625,11039.400390625,49728000
2023-01-04,10747.0,10895.400390625,10686.2001953125,10892.099609375,55265400
2023-01-05,10606.400390625,10747.0,10482.0,10746.7998046875,55644900
2023-01-06,10775.2001953125,10810.0,10607.099609375,10608.900390625,45128200
2023-01-09,10927.0,10956.400390625,10781.2001953125,10781.2001953125,42851700
2023-01-10,10891.400390625,10948.2001953125,10810.7001953125,10926.0,42335500
2023-01-11,10961.0,11020.400390625,10887.5,10888.900390625,40060500
2023-01-12,11097.599609375,11123.099609375,10951.900390625,10966.599609375,53486400
2023-01-13,11264.400390625,11363.2001953125,11100.599609375,11101.5,48863700
2023-01-16,11430.0,11460.2998046875,11264.400390625,11264.400390625,38274500
2023-01-17,11427.099609375,11465.400390625,11322.400390625,11423.900390625,49028900
2023-01-18,11404.599609375,11597.599609375,11348.599609375,11435.400390625,0
2023-01-19,11328.7998046875,11406.0,11182.0,11398.599609375,55133600
2023-01-20,11487.400390625,11580.099609375,11331.2001953125,11335.599609375,59221600
2023-01-23,11586.599609375,11625.900390625,11486.2998046875,11486.2998046875,41334000
2023-01-24,11599.900390625,11641.2998046875,11540.5,11592.2998046875,51639700
2023-01-25,11459.5,11656.599609375,11424.900390625,11603.099609375,47924400
2023-01-27,11248.2998046875,11480.7001953125,11248.2998046875,11468.5,78719000
2023-01-30,11214.5,11344.5,11213.400390625,11250.7998046875,71361200
2023-01-31,11178.2998046875,11255.599609375,11125.900390625,11210.400390625,88103500
2023-02-01,11049.099609375,11283.7001953125,11026.599609375,11183.599609375,62802400
2023-02-02,10951.2998046875,11059.5,10903.7001953125,11048.599609375,64712500
2023-02-03,11007.099609375,11024.0,10838.099609375,10954.7998046875,317169100
2023-02-06,11108.400390625,11126.599609375,10991.7998046875,11007.7001953125,63607500
2023-02-07,11161.7001953125,11256.5,11112.2998046875,11112.2998046875,62793500
2023-02-08,11186.900390625,11316.900390625,11164.599609375,11168.7998046875,68265700
2023-02-09,11138.2998046875,11223.0,11115.900390625,11186.7001953125,51517600
2023-02-10,10951.5,11136.099609375,10949.2001953125,11135.2998046875,0
2023-02-13,11146.599609375,11203.5,10948.7001953125,10952.7001953125,59645600
2023-02-14,11104.2001953125,11292.400390625,10996.599609375,11152.7001953125,55711600
2023-02-15,11006.2001953125,11123.0,10959.2998046875,11107.2998046875,58254500
2023-02-16,10934.0,11010.7998046875,10864.2001953125,11005.7001953125,91548100
2023-02-17,10739.0,10933.2001953125,10739.0,10933.2001953125,73742900
2023-02-20,10634.599609375,10766.099609375,10622.0,10761.7001953125,56328200
2023-02-21,10672.2998046875,10685.2001953125,10532.2998046875,10632.2998046875,55196300
2023-02-22,10765.0,10842.2998046875,10582.400390625,10666.7998046875,61843800
2023-02-23,10704.5,10767.400390625,10649.599609375,10763.2998046875,58252100
2023-02-24,10799.099609375,10813.7001953125,10707.2998046875,10707.2998046875,49491800
2023-02-27,10826.599609375,10932.0,10706.7001953125,10797.099609375,57287200
2023-02-28,10988.099609375,11055.099609375,10827.7001953125,10832.400390625,75656900
2023-03-01,11165.7998046875,11185.599609375,10926.2998046875,10987.900390625,0
2023-03-02,11326.900390625,11356.099609375,11161.7998046875,11167.900390625,63873700
2023-03-03,11359.099609375,11398.2998046875,11261.7001953125,11308.400390625,43748900
2023-03-06,11229.5,11426.900390625,11190.2001953125,11364.2998046875,47340900
2023-03-07,11365.7998046875,11395.0,11190.900390625,11229.2998046875,59422300
2023-03-08,10884.099609375,11363.900390625,10795.400390625,11362.7998046875,76627400
2023-03-09,11033.099609375,11041.099609375,10883.099609375,10884.0,54718000
2023-03-10,10662.900390625,11029.0,10608.599609375,11027.7998046875,79276600
2023-03-13,10690.5,10736.7998046875,10586.7998046875,10664.900390625,52167600
2023-03-14,10392.7998046875,10685.2001953125,10253.900390625,10681.0,91904900
2023-03-15,10391.2998046875,10424.0,10299.7001953125,10394.5,72216100
2023-03-16,9895.2001953125,10370.099609375,9866.900390625,10360.099609375,131226500
2023-03-17,10122.5,10122.5,9899.2998046875,9899.2998046875,113200800
2023-03-20,9818.2998046875,10119.7001953125,9810.5,10119.7001953125,51928300
2023-03-21,9904.2998046875,10037.7001953125,9820.2001953125,9824.099609375,0
2023-03-22,10319.0,10349.7998046875,9911.0,9912.7001953125,55096700
2023-03-23,10234.900390625,10313.7998046875,10209.599609375,10312.900390625,0
2023-03-24,10200.099609375,10226.2998046875,10078.7998046875,10224.7998046875,40646900
2023-03-27,9965.2001953125,10193.900390625,9965.2001953125,10193.900390625,42910200
2023-03-28,10377.400390625,10390.2001953125,9975.900390625,9982.900390625,65853300
2023-03-29,10506.5,10538.7001953125,10325.7998046875,10378.2001953125,63630600
2023-03-30,10543.7001953125,10593.0,10473.7001953125,10511.2001953125,61575500
2023-03-31,10455.400390625,10578.099609375,10419.7998046875,10546.900390625,62240100
2023-04-03,10691.099609375,10959.599609375,10470.099609375,10470.099609375,69169100
2023-04-04,10831.599609375,10861.599609375,10690.2001953125,10693.7001953125,66364200
2023-04-05,10762.5,10880.2001953125,10653.7998046875,10828.7001953125,56627900
2023-04-06,10688.5,10791.0,10643.400390625,10765.599609375,49955600
2023-04-11,10802.5,10851.7001953125,10694.5,10694.5,45815800
2023-04-12,10766.2998046875,10841.599609375,10750.099609375,10805.5,52172700
2023-04-13,10860.7998046875,10878.400390625,10702.7001953125,10761.2998046875,49384800
2023-04-14,10912.400390625,10912.400390625,10764.099609375,10868.7001953125,44083400
2023-04-17,10878.400390625,10971.099609375,10874.7998046875,10914.0,38523200
2023-04-18,10675.2001953125,10867.2998046875,10618.099609375,10866.0,56736300
2023-04-19,10641.2001953125,10675.900390625,10580.7998046875,10674.7998046875,42843600
2023-04-20,10602.2998046875,10638.400390625,10481.900390625,10635.7998046875,42793800
2023-04-21,10662.400390625,10719.599609375,10499.7998046875,10599.7001953125,55674800
2023-04-24,10598.400390625,10710.099609375,10575.400390625,10665.7998046875,34571300
2023-04-26,10691.5,10742.5,10597.0,10598.2998046875,51865400
2023-04-27,10646.7001953125,10698.0,10586.900390625,10692.2998046875,29985700
2023-04-28,10611.400390625,10674.900390625,10582.099609375,10649.2001953125,52827000
2023-05-01,10722.5,10804.7001953125,10620.7001953125,10623.400390625,41088000
2023-05-02,10558.900390625,10719.0,10535.7998046875,10717.2001953125,50297800
2023-05-03,10333.599609375,10550.900390625,10241.900390625,10545.7998046875,0
2023-05-04,10432.7998046875,10455.400390625,10217.599609375,10329.7001953125,42859700
2023-05-05,10466.0,10467.5,10388.5,10432.7998046875,44466600
2023-05-08,10725.900390625,10759.400390625,10476.900390625,10477.900390625,54595600
2023-05-09,10694.599609375,10722.7001953125,10585.400390625,10722.2001953125,34160600
2023-05-10,10661.400390625,10699.7001953125,10613.7001953125,10689.7001953125,56903300
2023-05-11,10673.099609375,10699.7998046875,10615.400390625,10658.2001953125,42673800
2023-05-12,10615.400390625,10672.7998046875,10531.5,10668.0,0
2023-05-15,10682.099609375,10709.0,10615.7001953125,10615.7001953125,34747100
2023-05-16,10667.5,10739.0,10653.7001953125,10682.0,35689100
2023-05-17,10679.7001953125,10679.7001953125,10580.5,10665.7998046875,40554500
2023-05-18,10773.7998046875,10805.400390625,10671.7998046875,10672.7998046875,64250100
2023-05-19,10785.2998046875,10850.5,10724.2001953125,10778.7001953125,50696700
2023-05-22,10893.400390625,10922.599609375,10781.900390625,10783.099609375,34663600
2023-05-23,10931.099609375,11045.900390625,10892.599609375,10895.7998046875,45515100
2023-05-24,11007.5,11023.599609375,10924.2998046875,10934.2998046875,40551700
2023-05-25,10941.099609375,11017.400390625,10905.099609375,11003.400390625,55612700
2023-05-26,10903.2001953125,10934.099609375,10843.599609375,10933.0,40227200
2023-05-29,10981.0,11063.7998046875,10908.7998046875,10909.900390625,35656900
2023-05-30,10907.0,11027.5,10879.099609375,10981.7001953125,68479900
2023-05-31,10631.599609375,10908.599609375,10583.900390625,10904.7001953125,205569100
2023-06-01,10674.7998046875,10717.099609375,10599.5,10626.2998046875,79115200
2023-06-02,10806.2001953125,10826.5,10670.099609375,10671.7001953125,68848600
2023-06-05,10882.400390625,11021.2998046875,10812.900390625,10817.5,49345800
2023-06-06,10816.7001953125,10895.2998046875,10779.400390625,10877.599609375,74089700
2023-06-07,10739.2998046875,10817.2998046875,10678.2001953125,10811.7998046875,103455500
2023-06-08,10881.7001953125,11012.5,10739.2998046875,10757.5,64218400
2023-06-09,10853.2998046875,10885.400390625,10802.7998046875,10880.099609375,46490700
2023-06-13,10710.2998046875,10848.7001953125,10607.599609375,10846.7001953125,88388700
2023-06-14,10783.0,10828.900390625,10712.7998046875,10716.5,66076400
2023-06-15,10776.5,10802.099609375,10719.099609375,10779.7998046875,0
2023-06-16,11156.2001953125,11170.5,10770.5,10771.2001953125,139080400
2023-06-19,11089.400390625,11182.5,11054.599609375,11152.2001953125,44110700
2023-06-20,11304.400390625,11325.599609375,11088.2998046875,11090.0,37420800
2023-06-21,11153.0,11301.400390625,11136.400390625,11300.400390625,41593800
2023-06-22,11053.7998046875,11259.7998046875,11007.900390625,11160.599609375,55317300
2023-06-23,10614.900390625,11055.400390625,10546.0,11050.7001953125,51586300
2023-06-26,10605.0,10636.2001953125,10547.7001953125,10618.599609375,42326600
2023-06-27,10627.5,10712.7001953125,10598.2001953125,10602.2998046875,46179600
2023-06-28,10754.7001953125,10786.0,10619.2001953125,10628.400390625,40382400
2023-06-29,10787.7001953125,10829.2001953125,10758.900390625,10762.900390625,44122600
2023-06-30,10827.7998046875,10885.0,10773.2998046875,10785.400390625,49252000
2023-07-03,10917.7998046875,10944.099609375,10795.900390625,10830.2001953125,40841400
2023-07-04,11044.2001953125,11044.2001953125,10876.2001953125,10918.099609375,40598300
2023-07-05,10983.900390625,11113.2998046875,10953.099609375,11047.400390625,38598500
2023-07-06,10856.7998046875,10983.5,10821.2001953125,10981.5,0
2023-07-07,10733.599609375,10848.7998046875,10569.900390625,10848.2998046875,41397600
2023-07-10,10684.599609375,10905.099609375,10684.599609375,10745.2001953125,31295400
2023-07-11,10792.400390625,10820.0,10692.400390625,10693.099609375,40743900
2023-07-12,11003.400390625,11052.599609375,10795.900390625,10797.2001953125,36406900
2023-07-13,11121.5,11140.900390625,11010.5,11010.7998046875,45315100
2023-07-14,11264.400390625,11283.900390625,11123.400390625,11123.7998046875,60207500
2023-07-17,11173.599609375,11261.2998046875,11130.5,11256.400390625,62110200
2023-07-18,11079.2001953125,11173.2001953125,11034.2998046875,11173.2001953125,29904600
2023-07-19,11267.7001953125,11325.5,11103.2001953125,11105.599609375,45174300
2023-07-20,11251.7001953125,11332.7001953125,11223.2001953125,11271.599609375,35237100
2023-07-21,11395.0,11418.2001953125,11227.900390625,11259.2998046875,42013400
2023-07-24,11646.0,11669.7998046875,11394.900390625,11396.7998046875,39552900
2023-07-25,11779.900390625,11809.7001953125,11654.0,11655.5,51336500
2023-07-26,11846.7998046875,11846.7998046875,11686.099609375,11781.2001953125,57830900
2023-07-27,11784.400390625,11851.599609375,11749.2001953125,11841.400390625,52734100
2023-07-28,11784.7998046875,11884.5,11746.0,11784.5,39315800
2023-07-31,11785.0,11916.2001953125,11753.5,11784.7998046875,32160700
2023-08-01,11865.2001953125,11950.0,11785.0,11785.0,48135300
2023-08-02,11745.5,11877.099609375,11703.5,11865.2001953125,39018200
2023-08-03,11652.900390625,11745.5,11548.099609375,11745.5,32495700
2023-08-04,11780.2998046875,11838.599609375,11652.900390625,11652.900390625,39568700
2023-08-07,11810.900390625,11866.7001953125,11771.0,11780.2998046875,23928400
2023-08-08,11829.2998046875,11886.400390625,11781.5,11809.900390625,43596300
2023-08-09,11833.7001953125,11890.2001953125,11754.2998046875,11828.5,49260900
2023-08-10,12102.400390625,12121.5,11825.099609375,11829.5,71288100
2023-08-11,11869.2998046875,12096.2001953125,11827.400390625,12096.2001953125,40632000
2023-08-14,11924.7998046875,12006.5,11848.400390625,11850.2001953125,55093000
2023-08-15,11943.5,11953.099609375,11838.400390625,11917.099609375,32828700
2023-08-16,11838.599609375,11938.5,11788.2998046875,11937.400390625,45335000
2023-08-17,11885.2001953125,11888.5,11762.099609375,11837.400390625,48119500
2023-08-18,11834.099609375,11916.7998046875,11820.5,11888.2001953125,47387500
2023-08-21,11911.099609375,12004.2998046875,11840.599609375,11840.599609375,50811700
2023-08-22,11830.2001953125,11916.7998046875,11714.7001953125,11911.2998046875,57181100
2023-08-23,11717.2001953125,11828.2001953125,11714.900390625,11823.900390625,41956000
2023-08-24,11821.0,11849.599609375,11689.2998046875,11719.2001953125,65739600
2023-08-25,11651.0,11811.599609375,11589.7998046875,11810.2998046875,57525300
2023-08-28,11727.099609375,11800.0,11664.099609375,11664.099609375,44515100
2023-08-29,11752.400390625,11806.0,11712.599609375,11724.599609375,42096300
2023-08-30,11863.2001953125,11917.400390625,11738.2001953125,11750.7998046875,53012900
2023-08-31,11546.400390625,11868.5,11486.2998046875,11861.2001953125,66678200
2023-09-01,11729.400390625,11800.5,11508.2998046875,11514.599609375,53618200
2023-09-04,11916.099609375,11938.099609375,11729.400390625,11729.400390625,62624300
2023-09-05,11844.0,11913.7998046875,11760.2001953125,11912.400390625,32604500
2023-09-06,11957.099609375,12069.599609375,11842.5,11844.2998046875,119360800
2023-09-07,11779.2001953125,11967.900390625,11752.2001953125,11964.7998046875,62163500
2023-09-08,11799.7001953125,11803.2998046875,11652.5,11785.400390625,37967900
2023-09-11,11864.900390625,11870.7001953125,11783.2998046875,11802.900390625,44622300
2023-09-12,11694.7001953125,11862.2001953125,11639.7001953125,11862.2001953125,64728300
2023-09-13,11710.2001953125,11794.5,11672.400390625,11695.5,309706500
2023-09-14,11761.0,11807.2998046875,11708.5,11708.5,66499700
2023-09-15,11958.599609375,12046.900390625,11766.599609375,11772.2001953125,151369000
2023-09-18,11807.0,11960.900390625,11780.5,11954.599609375,79047500
2023-09-19,11832.2998046875,11902.5,11810.099609375,11812.599609375,51151000
2023-09-20,11617.599609375,11832.2998046875,11588.7001953125,11832.2998046875,67998500
2023-09-21,11389.400390625,11617.599609375,11382.0,11617.599609375,72960700
2023-09-22,11471.400390625,11471.400390625,11211.5,11389.400390625,68458500
2023-09-25,11563.5,11563.5,11425.599609375,11471.400390625,61559000
2023-09-26,11483.5,11600.7001953125,11461.5,11559.7998046875,73456100
2023-09-27,11435.0,11490.0,11350.7998046875,11483.5,70219700
2023-09-28,11773.400390625,11773.400390625,11435.0,11435.0,75602400
2023-09-29,11698.900390625,11792.2998046875,11660.400390625,11773.400390625,61546600
2023-10-02,11658.0,11700.2001953125,11582.099609375,11698.900390625,41188000
2023-10-03,11227.900390625,11645.7998046875,11194.7998046875,11640.7001953125,74042000
2023-10-04,11108.7001953125,11240.099609375,11099.900390625,11227.900390625,59657900
2023-10-05,11010.2998046875,11108.7001953125,10822.099609375,11108.7001953125,55222900
2023-10-06,10926.2001953125,11018.2001953125,10903.0,11010.2998046875,56695100
2023-10-09,11258.2998046875,11285.400390625,10926.2001953125,10926.2001953125,54400000
2023-10-10,11351.5,11447.599609375,11257.400390625,11257.400390625,73138200
2023-10-11,11428.400390625,11428.400390625,11351.5,11351.5,48727600
2023-10-12,11365.099609375,11429.2998046875,11348.900390625,11428.400390625,56553200
2023-10-13,11339.400390625,11367.0,11304.900390625,11367.0,46748600
2023-10-16,11411.2001953125,11473.5,11339.400390625,11339.400390625,51072600
2023-10-17,11423.0,11466.2998046875,11401.099609375,11417.7998046875,57019200
2023-10-18,11705.099609375,11713.599609375,11423.0,11423.0,60500900
2023-10-19,11623.2998046875,11726.900390625,11527.900390625,11705.099609375,66197500
2023-10-20,11642.099609375,11722.400390625,11601.7001953125,11617.599609375,69480800
2023-10-23,11293.099609375,11642.099609375,11274.099609375,11642.099609375,61455400
2023-10-24,11336.7998046875,11416.2998046875,11286.7998046875,11293.099609375,48348800
2023-10-25,11311.2998046875,11387.7998046875,11221.7001953125,11336.7998046875,59988800
2023-10-26,11300.2998046875,11398.2998046875,11250.400390625,11311.2998046875,56633300
2023-10-27,11378.2998046875,11406.400390625,11262.099609375,11300.2998046875,43300200
2023-10-30,11083.599609375,11378.2998046875,11081.2998046875,11378.2998046875,49984300
2023-10-31,11092.7998046875,11203.2998046875,11072.900390625,11083.599609375,58402500
2023-11-01,11218.2998046875,11218.2998046875,11068.099609375,11092.7998046875,63193100
2023-11-02,10989.2001953125,11222.7998046875,10989.2001953125,11218.2998046875,47007400
2023-11-03,10980.5,11095.900390625,10955.2998046875,10989.2001953125,63081700
2023-11-06,10873.599609375,10980.5,10856.7001953125,10980.5,54038400
2023-11-07,10788.2001953125,10895.7998046875,10788.2001953125,10873.599609375,44227600
2023-11-08,10772.0,10788.5,10598.5,10788.2001953125,49799000
2023-11-09,10674.2998046875,10774.2001953125,10647.7998046875,10772.0,52693800
2023-11-10,10513.0,10687.900390625,10513.0,10674.2998046875,46636300
2023-11-13,10420.400390625,10558.0,10397.5,10513.0,31462200
2023-11-14,10685.2998046875,10731.099609375,10420.400390625,10420.400390625,41088800
2023-11-15,10607.7998046875,10738.900390625,10581.900390625,10685.2998046875,47307200
2023-11-16,10482.0,10633.2998046875,10441.599609375,10607.7998046875,45374900
2023-11-17,10315.7998046875,10488.0,10238.5,10482.0,63127400
2023-11-20,10453.2998046875,10475.599609375,10315.7998046875,10315.7998046875,42673500
2023-11-21,10491.400390625,10525.900390625,10439.5,10453.2998046875,44353900
2023-11-22,10539.5,10566.5,10467.599609375,10491.400390625,35815200
2023-11-23,10397.2998046875,10545.7001953125,10397.2998046875,10539.5,36369500
2023-11-24,10528.900390625,10552.2998046875,10397.2998046875,10397.2998046875,28013900
2023-11-27,10482.2001953125,10554.5,10482.2001953125,10528.900390625,25929300
2023-11-28,10376.2998046875,10524.099609375,10376.2998046875,10482.2001953125,31185700
2023-11-29,10297.7001953125,10449.900390625,10276.7001953125,10376.2998046875,35216300
2023-11-30,10271.0,10305.400390625,10239.5,10297.7001953125,81001800
2023-12-01,10282.900390625,10304.2001953125,10217.7001953125,10271.0,66403700
2023-12-04,10153.2998046875,10344.400390625,10080.599609375,10282.900390625,189771800
2023-12-05,9944.900390625,10153.2998046875,9944.900390625,10153.2998046875,193726200
2023-12-06,10020.0,10028.599609375,9921.099609375,9944.900390625,62297100
2023-12-07,10045.400390625,10051.7001953125,9771.2001953125,10020.0,83947100
2023-12-08,10149.400390625,10228.900390625,10018.7001953125,10045.400390625,89876300
2023-12-11,10267.400390625,10300.2001953125,10149.400390625,10149.400390625,66609500
2023-12-12,10288.7998046875,10323.2998046875,10201.7001953125,10267.400390625,65590700
2023-12-13,10207.2001953125,10290.900390625,10181.5,10288.7998046875,52199000
2023-12-14,10336.2998046875,10365.599609375,10203.900390625,10207.2001953125,68622800
2023-12-15,10528.2998046875,10566.2998046875,10336.2998046875,10336.2998046875,145183300
2023-12-18,10536.0,10582.5,10476.7998046875,10476.7998046875,11420800
2023-12-19,10580.0,10602.2001953125,10476.7998046875,10476.7998046875,57451100
2023-12-20,10625.2998046875,10716.5,10573.7998046875,10580.0,66561500
2023-12-21,10566.0,10641.599609375,10546.0,10625.2998046875,66939800
2023-12-22,10620.400390625,10647.599609375,10565.7001953125,10566.0,48037000
2023-12-27,10677.599609375,10776.900390625,10620.400390625,10620.400390625,37940600
2023-12-28,10717.0,10730.5,10666.7998046875,10677.599609375,37633900
2023-12-29,10622.7998046875,10717.0,10613.2001953125,10717.0,33282300
2024-01-02,10781.7001953125,10800.599609375,10622.7998046875,10622.7998046875,36142500
2024-01-03,10664.7001953125,10781.7001953125,10664.7001953125,10781.7001953125,36287200
2024-01-04,10803.900390625,10826.2001953125,10664.7001953125,10664.7001953125,46249300
2024-01-05,10744.2998046875,10815.2998046875,10740.7001953125,10803.900390625,38123000
2024-01-08,10740.599609375,10872.400390625,10697.2001953125,10744.2998046875,51077700
2024-01-09,10730.0,10769.099609375,10696.2998046875,10747.7001953125,78451000
2024-01-10,10705.5,10787.900390625,10692.099609375,10730.0,93357700
2024-01-11,10708.900390625,10715.400390625,10615.900390625,10705.5,59763400
2024-01-12,10765.7001953125,10822.2001953125,10700.099609375,10708.900390625,93741000
2024-01-15,10992.400390625,11023.400390625,10775.599609375,10778.099609375,95917000
2024-01-16,10823.7998046875,10992.400390625,10797.5,10992.400390625,76530700
2024-01-17,10694.400390625,10823.7998046875,10637.7998046875,10823.7998046875,62652900
2024-01-18,10591.099609375,10678.2001953125,10527.5,10678.2001953125,0
2024-01-19,10715.900390625,10796.900390625,10591.099609375,10591.099609375,60167300
2024-01-22,10746.0,10760.2998046875,10637.599609375,10728.2001953125,46280200
2024-01-23,10732.7998046875,10780.5,10675.7998046875,10746.0,51948300
2024-01-24,10732.7001953125,10827.7998046875,10692.900390625,10732.7998046875,47981200
2024-01-25,10827.099609375,10827.2001953125,10730.7998046875,10732.7001953125,52088800
2024-01-29,11025.5,11062.099609375,10822.099609375,10822.099609375,77862700
2024-01-30,11005.7001953125,11040.400390625,10957.900390625,11025.5,53577100
2024-01-31,11177.099609375,11181.7001953125,11005.7001953125,11005.7001953125,0
2024-02-01,11117.2998046875,11177.099609375,11016.900390625,11177.099609375,52132600
2024-02-02,11238.5,11238.5,11103.2001953125,11117.2998046875,68086700
2024-02-05,11113.2998046875,11238.5,11055.2998046875,11238.5,46965200
2024-02-06,11161.599609375,11185.0,11050.7001953125,11113.2998046875,56949600
2024-02-07,10950.7001953125,11075.599609375,10947.400390625,11055.400390625,12322100
2024-02-08,10997.5,11075.599609375,10928.0,11055.400390625,69240400
2024-02-09,10852.0,11012.7001953125,10843.5,10997.5,84852100
2024-02-12,10740.7001953125,10863.5,10700.599609375,10852.0,56043000
2024-02-13,10752.0,10778.5,10622.599609375,10740.7001953125,155655300
2024-02-14,10740.2998046875,10752.0,10578.2998046875,10752.0,87846900
2024-02-15,10514.7998046875,10744.099609375,10514.5,10740.2998046875,103803300
2024-02-16,10619.2001953125,10719.599609375,10514.7998046875,10514.7998046875,95710300
2024-02-19,10555.099609375,10681.0,10555.099609375,10619.2001953125,91864300
2024-02-20,10458.5,10559.400390625,10388.2001953125,10555.099609375,132764900
2024-02-21,10484.900390625,10490.400390625,10421.5,10421.5,24932900
2024-02-22,10475.2001953125,10507.900390625,10421.5,10421.5,117172000
2024-02-23,10477.2998046875,10523.5,10406.5,10475.2001953125,96081800
2024-02-26,10254.900390625,10477.2998046875,10254.900390625,10477.2998046875,0
2024-02-27,10308.2998046875,10398.400390625,10254.900390625,10254.900390625,76631000
2024-02-28,10394.400390625,10416.099609375,10294.900390625,10308.2998046875,101661600
2024-02-29,10421.7998046875,10463.599609375,10323.2998046875,10394.400390625,114078200
2024-03-01,10519.599609375,10519.599609375,10380.2001953125,10421.7998046875,75397900
2024-03-04,10472.599609375,10577.0,10459.099609375,10519.599609375,67713400
2024-03-05,10409.400390625,10497.7998046875,10402.900390625,10472.599609375,74630800
2024-03-06,10462.7001953125,10462.7001953125,10379.900390625,10409.400390625,63717600
2024-03-07,10342.7998046875,10480.2001953125,10316.7001953125,10462.7001953125,58543100
2024-03-08,10448.2001953125,10506.0,10340.0,10342.7998046875,84584900
2024-03-11,10231.7998046875,10448.2001953125,10197.2001953125,10448.2001953125,99448400
2024-03-12,10153.400390625,10233.7998046875,10132.2998046875,10231.7998046875,63450000
2024-03-13,10117.400390625,10156.5,10050.2998046875,10153.400390625,73067300
2024-03-14,10132.7998046875,10188.400390625,10105.7998046875,10117.400390625,169109000
2024-03-15,10336.099609375,10367.599609375,10084.2998046875,10132.7998046875,165945300
2024-03-18,10300.400390625,10347.2001953125,10274.5,10336.099609375,73029600
2024-03-19,10504.7998046875,10508.599609375,10300.400390625,10300.400390625,69305400
2024-03-20,10567.599609375,10628.400390625,10504.7998046875,10504.7998046875,69631300
2024-03-21,10614.2001953125,10659.099609375,10552.2998046875,10567.599609375,87824700
2024-03-22,10475.7001953125,10614.2001953125,10440.0,10614.2001953125,59456300
2024-03-25,10593.599609375,10606.7998046875,10475.7001953125,10475.7001953125,46949000
2024-03-26,10646.7998046875,10777.7998046875,10593.599609375,10593.599609375,95488600
2024-03-27,10659.0,10681.0,10584.400390625,10646.7998046875,65982000
2024-03-28,10774.099609375,10795.2998046875,10659.0,10659.0,103022400
2024-04-02,10841.2998046875,10923.099609375,10774.099609375,10774.099609375,76236000
2024-04-03,10847.2998046875,10946.0,10821.5,10841.2998046875,87148900
2024-04-04,10919.599609375,10920.0,10840.900390625,10847.2998046875,68146400
2024-04-05,10917.2998046875,11008.400390625,10898.2998046875,10919.599609375,86376500
2024-04-08,10781.599609375,10917.2998046875,10763.900390625,10917.2998046875,103613400
2024-04-09,10765.900390625,10847.2998046875,10743.099609375,10781.599609375,89201000
2024-04-10,10726.5,10820.7001953125,10687.5,10765.900390625,77792000
2024-04-11,10855.2998046875,10891.2001953125,10645.7998046875,10726.5,58783100
2024-04-12,10799.900390625,10862.5,10729.0,10855.2998046875,49196700
2024-04-15,10841.099609375,10851.099609375,10786.2998046875,10799.900390625,47954200
2024-04-16,10648.400390625,10845.2998046875,10597.900390625,10841.099609375,71294300
2024-04-17,10596.7001953125,10687.400390625,10568.400390625,10648.400390625,45075900
2024-04-18,10586.2998046875,10642.099609375,10582.2001953125,10596.7001953125,41952400
2024-04-19,10576.599609375,10708.2001953125,10361.400390625,10586.2998046875,77570300
2024-04-22,10416.7001953125,10610.2998046875,10379.900390625,10576.599609375,51490100
2024-04-23,10335.400390625,10457.599609375,10320.599609375,10416.7001953125,59743500
2024-04-24,10354.099609375,10430.900390625,10324.2998046875,10335.400390625,59121600
2024-04-26,10256.7998046875,10358.400390625,10244.599609375,10354.099609375,51472600
2024-04-29,10257.5,10311.599609375,10231.0,10256.7998046875,44969400
2024-04-30,10264.2998046875,10292.2001953125,10154.2998046875,10257.5,50597300
2024-05-01,10061.900390625,10264.2998046875,10033.7001953125,10264.2998046875,69352700
2024-05-02,10008.7998046875,10061.900390625,9946.0,10061.900390625,53965800
2024-05-03,10070.7998046875,10121.7001953125,10008.7998046875,10008.7998046875,46764700
2024-05-06,10090.2001953125,10142.7001953125,10035.5,10070.7998046875,42088300
2024-05-07,10261.0,10261.0,10090.2001953125,10090.2001953125,47004600
2024-05-08,10257.2001953125,10346.0,10254.2998046875,10261.0,45986700
2024-05-09,10314.2001953125,10346.2998046875,10257.2001953125,10257.2001953125,55023500
2024-05-10,10507.5,10514.900390625,10314.2001953125,10314.2001953125,56871100
2024-05-13,10430.900390625,10507.5,10376.7001953125,10507.5,43946400
2024-05-14,10355.7001953125,10434.0,10335.0,10430.900390625,41946600
2024-05-15,10299.7001953125,10376.7998046875,10282.099609375,10355.7001953125,47788000
2024-05-16,10269.599609375,10332.5,10240.099609375,10299.7001953125,52285000
